,dtg,lat,lon,cause
0,2009-01-01 00:00:00,58.447321311780065,13.677815452505246,Category C
1,2009-01-01 00:00:00,53.78856913657513,9.329024687188165,Category B
2,2009-01-01 00:00:00,56.031698302229984,11.25902861192294,Category A
3,2009-12-06 19:00:00,55.36774880289849,11.502543102270323,Category B
4,2010-11-22 13:00:00,59.91435900983507,11.243934184596563,Category A
5,2011-02-19 20:00:00,57.20876021743422,14.197370213285549,Category B
6,2011-02-21 05:00:00,51.093902308529884,7.374046509554262,Category C
7,2010-12-27 17:00:00,50.11191067710811,8.256330416448876,Category B
8,2011-12-17 05:00:00,55.928034055820035,10.791226173955714,Category A
9,2011-01-06 20:00:00,59.95455421766975,13.585187731624396,Category B
10,2009-01-31 14:00:00,51.31341393576083,11.158632123994288,Category A
11,2011-05-20 05:00:00,57.99072548459139,12.933694858706136,Category C
12,2010-11-23 14:00:00,57.99001698736014,5.4029915749460695,Category B
13,2010-04-09 21:00:00,51.57851981089245,11.881373849202943,Category B
14,2011-07-19 01:00:00,56.789089546646906,13.168662796421149,Category B
15,2009-03-10 23:00:00,52.40543128706235,13.864220030056845,Category C
16,2009-01-27 20:00:00,58.930031114311426,10.721988861808395,Category B
17,2009-10-07 15:00:00,52.06557753351544,8.150472701259929,Category B
18,2011-07-14 17:00:00,56.06617265690918,14.458292986879021,Category A
19,2011-07-30 00:00:00,57.04298758610864,12.726978820016033,Category A
20,2010-02-01 11:00:00,57.50412019019778,11.584878084176577,Category A
21,2009-02-09 10:00:00,50.33253966551383,7.691641720831138,Category B
22,2011-06-23 15:00:00,56.76761381228039,9.086602637389626,Category B
23,2010-06-04 15:00:00,53.74090458603254,10.541278310637676,Category C
24,2011-12-07 21:00:00,55.79028536310858,9.044814915415039,Category B
25,2010-04-21 02:00:00,51.42678654314697,5.1444996791588204,Category A
26,2011-06-05 22:00:00,58.096641052080685,7.75368695188245,Category A
27,2009-02-24 06:00:00,59.33458884145661,8.525645079531886,Category C
28,2011-11-10 08:00:00,50.863625058077304,14.319312177701471,Category C
29,2010-12-16 02:00:00,56.70564729057845,8.095551691549684,Category C
30,2011-10-29 01:00:00,59.43117680241967,7.586794809251717,Category A
31,2011-04-07 13:00:00,50.75067985919265,13.42290550741064,Category A
32,2010-02-13 11:00:00,59.445053325648104,9.50399557899565,Category B
33,2009-01-06 16:00:00,54.12603423737551,12.856950293718025,Category B
34,2011-11-13 17:00:00,52.71160928779634,11.632310165879561,Category A
35,2011-10-11 15:00:00,51.48726050844183,13.601602089629454,Category C
36,2009-12-18 06:00:00,52.79395927374926,7.4433789990832135,Category B
37,2011-02-13 20:00:00,59.35666086372097,8.218756259308666,Category C
38,2010-02-05 01:00:00,52.69894194327563,11.569205781813672,Category C
39,2009-02-19 23:00:00,53.04805068156959,8.060747511000374,Category B
40,2011-12-10 20:00:00,53.85428347324444,8.914863824308457,Category B
41,2009-06-11 11:00:00,57.84326717349478,11.040315920728334,Category B
42,2011-02-01 09:00:00,57.29160776745303,13.023920833686109,Category B
43,2010-09-22 09:00:00,57.12750951396125,11.656896918422294,Category A
44,2011-11-17 22:00:00,57.97651240017961,6.129711968220228,Category A
45,2009-03-05 04:00:00,51.04834249012906,12.017206939263906,Category A
46,2011-11-13 16:00:00,52.48224025540638,14.392126940419555,Category B
47,2009-08-04 00:00:00,58.666138633223696,7.668866865529536,Category A
48,2009-02-24 15:00:00,56.90279760012202,9.018211621205703,Category B
49,2009-02-19 11:00:00,59.231072926367084,13.715038371519913,Category C
50,2010-01-02 19:00:00,54.55955051838822,11.503028916051509,Category A
51,2012-01-05 13:00:00,59.505313630338364,12.313674742265494,Category C
52,2011-03-03 20:00:00,58.53892421413879,9.851047593787477,Category C
53,2009-11-13 21:00:00,58.23426573407689,12.414029179875959,Category B
54,2009-01-21 08:00:00,55.521947909404545,6.074799804888268,Category A
55,2011-05-06 16:00:00,58.608279467079754,7.517638895073022,Category A
56,2010-04-15 00:00:00,57.17020869203921,14.935260143347891,Category A
57,2010-01-29 15:00:00,51.70874807760208,9.006466871868671,Category C
58,2010-11-21 18:00:00,53.93627917185689,7.882924904728441,Category C
59,2010-04-10 08:00:00,53.476226567988036,5.30567412785598,Category C
60,2009-04-22 22:00:00,56.916913337170755,12.32820964706011,Category C
61,2010-07-19 13:00:00,59.569248053317935,12.38786239145182,Category A
62,2011-08-31 13:00:00,54.72390228385025,14.071716055128817,Category B
63,2010-04-27 06:00:00,58.075302992499275,14.979179207348917,Category B
64,2011-12-12 03:00:00,52.49119250744199,13.005466935825673,Category B
65,2010-10-21 12:00:00,57.30842018483072,12.352998527690955,Category B
66,2009-12-15 00:00:00,54.64421625593836,8.020003190641681,Category C
67,2011-08-18 06:00:00,55.89757192666334,9.444278948601138,Category C
68,2009-07-27 16:00:00,59.41372624535228,13.424192665180108,Category B
69,2011-09-30 23:00:00,55.03535900083185,5.123997429379874,Category A
70,2010-08-20 08:00:00,58.511501225186564,6.283973230234042,Category C
71,2011-12-12 16:00:00,55.275529972862344,10.846786928785592,Category A
72,2011-04-24 11:00:00,50.9923445336834,11.264012713144268,Category C
73,2010-09-21 18:00:00,53.937372441318885,5.832573301855951,Category B
74,2011-01-20 02:00:00,54.355523008970266,5.525821942634762,Category A
75,2011-04-25 21:00:00,52.355576777458296,11.943634055942765,Category A
76,2011-11-26 06:00:00,56.172403619680544,8.783232749512175,Category C
77,2011-03-23 20:00:00,53.81117386858072,11.077277913787212,Category C
78,2010-04-06 08:00:00,53.23830082669692,8.415855801011872,Category B
79,2010-04-14 04:00:00,55.617288151507964,6.270014211490444,Category A
80,2011-02-03 21:00:00,59.30746137020316,12.851831616160176,Category C
81,2009-01-01 05:00:00,53.21040893858497,11.118780869888335,Category A
82,2009-07-01 06:00:00,53.33462421945944,13.061785526480037,Category B
83,2009-10-12 06:00:00,55.80551885980303,9.27348941733514,Category A
84,2010-12-06 16:00:00,50.15645142888336,12.36074297390629,Category A
85,2011-02-08 21:00:00,58.69007945255718,8.889688692528892,Category C
86,2010-01-26 18:00:00,51.147552384857924,10.555396913623326,Category B
87,2011-10-24 06:00:00,52.95632502478282,14.840476397226132,Category A
88,2010-01-09 07:00:00,50.24484707842376,13.365570788749093,Category C
89,2009-10-10 17:00:00,51.692195442664406,8.901185644738055,Category B
90,2009-12-08 13:00:00,55.34860093064814,5.404048561153139,Category C
91,2011-12-20 03:00:00,59.65861627642175,5.047690105154468,Category A
92,2011-07-25 16:00:00,57.84499489058377,5.3940899169025744,Category C
93,2010-01-10 16:00:00,54.536040028067994,9.79852129110515,Category A
94,2010-02-01 12:00:00,57.28999775370603,9.254382388279103,Category A
95,2009-07-25 12:00:00,51.80978709299369,7.598436351521904,Category A
96,2010-08-25 20:00:00,54.73570197073257,6.672090698807204,Category C
97,2009-09-22 14:00:00,59.15918828199544,14.417956305991924,Category A
98,2010-12-30 23:00:00,59.60782561932484,10.369539028772676,Category A
99,2009-02-03 06:00:00,55.26700732443691,9.539630325332976,Category B
100,2011-03-28 09:00:00,55.21608920690568,10.739814082780034,Category B
101,2009-09-11 21:00:00,59.11110004859927,5.6162257538770435,Category A
102,2009-12-07 21:00:00,54.52875607538402,11.361303786985331,Category C
103,2011-03-21 04:00:00,50.27886249113864,8.993208946374986,Category B
104,2009-12-29 16:00:00,52.22908861124448,5.088650600979152,Category B
105,2010-07-29 10:00:00,59.48621238650264,6.270853669879908,Category C
106,2010-09-01 19:00:00,51.86378465804288,14.069979875657738,Category A
107,2011-08-08 17:00:00,57.70177453862793,12.332695324689613,Category B
108,2009-06-03 19:00:00,55.18994643152537,12.95085734162681,Category A
109,2009-08-12 20:00:00,59.27385275900758,10.623214992115063,Category A
110,2010-04-16 15:00:00,53.50265264442958,5.414906777153135,Category B
111,2011-09-23 15:00:00,57.937043915031744,11.273720078323304,Category B
112,2011-07-15 22:00:00,58.535844347262895,12.108022467317637,Category B
113,2010-12-18 00:00:00,59.62302921229612,13.866291983675804,Category A
114,2010-04-18 23:00:00,57.25816748403396,11.47830242353362,Category B
115,2010-04-07 03:00:00,55.338182459997654,7.165214118894891,Category A
116,2011-07-14 00:00:00,55.266411498082995,8.61038543589968,Category A
117,2009-06-16 00:00:00,50.71217554748896,14.96640930176894,Category C
118,2011-04-11 13:00:00,59.06492349547694,7.760849482654329,Category C
119,2010-04-30 04:00:00,54.09441890470598,7.323655977464309,Category A
120,2010-11-26 07:00:00,53.91250293991377,9.703787436946431,Category B
121,2010-08-05 15:00:00,54.17860015143438,5.358530101573882,Category B
122,2010-06-27 18:00:00,53.004034454389746,14.535378203193623,Category B
123,2011-10-03 17:00:00,51.192917930340094,9.880887553790611,Category B
124,2009-05-13 04:00:00,54.33545379138047,12.601370453897394,Category A
125,2009-04-01 08:00:00,51.089324124222706,11.771712624954429,Category B
126,2011-01-09 11:00:00,54.90127027485143,9.787127628113058,Category C
127,2011-03-12 11:00:00,53.968815336748406,11.532532819980363,Category C
128,2011-03-02 18:00:00,54.3654012240322,11.812947703293037,Category B
129,2011-10-28 14:00:00,54.61692581345326,10.59297840981222,Category B
130,2009-09-04 21:00:00,56.094975383617616,12.484654660672543,Category A
131,2009-12-19 21:00:00,55.08961136099614,10.009401902876984,Category B
132,2010-04-23 21:00:00,57.79414529441801,11.2494089890027,Category A
133,2009-08-27 23:00:00,53.43051710745736,12.743201428943689,Category C
134,2009-10-17 15:00:00,53.061972159077094,6.258828560228446,Category B
135,2010-02-18 14:00:00,51.37357447693985,12.100724461716613,Category B
136,2009-01-21 08:00:00,53.92023246659085,14.869535625306616,Category B
137,2010-05-15 15:00:00,55.775196037861676,9.545130064892128,Category B
138,2009-03-27 11:00:00,53.731368117352275,5.729662371976669,Category C
139,2012-01-01 07:00:00,58.83131384431328,12.47390809794845,Category C
140,2010-05-27 17:00:00,55.02636700229975,5.151925854933598,Category B
141,2011-09-16 19:00:00,59.037049632827205,5.684848944889537,Category B
142,2010-08-28 05:00:00,58.79507520040629,6.285654889230267,Category B
143,2011-04-09 13:00:00,50.99454006568732,6.46452298878711,Category B
144,2010-05-01 12:00:00,50.55643832590888,5.0750690932954985,Category B
145,2011-10-27 07:00:00,53.888870112026375,12.249115798990758,Category C
146,2011-06-30 03:00:00,56.555058863841225,11.728323340939383,Category C
147,2010-01-31 10:00:00,58.542066112512074,8.435013623514536,Category B
148,2011-07-27 16:00:00,59.19001314907022,6.027387675799537,Category B
149,2010-03-26 04:00:00,50.86447363406427,8.7235080150924,Category C
150,2009-01-11 05:00:00,54.69465895678415,5.469845444041548,Category C
151,2009-10-09 19:00:00,55.667811964740686,11.430299409408889,Category C
152,2010-07-31 19:00:00,52.39204923710912,6.911389886538095,Category C
153,2009-05-08 20:00:00,59.2691441085198,6.256006848091938,Category A
154,2009-11-02 09:00:00,52.25287259984874,7.910133651618873,Category A
155,2010-08-28 07:00:00,55.25688754517965,12.557554560893447,Category A
156,2009-06-25 08:00:00,54.23322163831307,12.087957280414965,Category B
157,2009-05-13 17:00:00,56.33985521841201,14.235913599425395,Category C
158,2011-03-08 09:00:00,50.245751819563594,12.229857603493372,Category B
159,2011-10-04 21:00:00,57.99168962802723,6.83526801914184,Category B
160,2010-12-16 18:00:00,51.13175232056855,8.612501538052214,Category A
161,2011-11-14 20:00:00,50.665953136850575,7.481607469446629,Category C
162,2011-04-29 06:00:00,54.3754898046737,6.656865733273824,Category A
163,2009-05-17 02:00:00,51.37304229688344,7.471357477972999,Category B
164,2010-06-30 21:00:00,51.68294516242604,8.136744446921126,Category C
165,2009-05-02 04:00:00,50.89779609352163,11.284947213688582,Category C
166,2011-07-31 21:00:00,59.77824282677936,10.036760254143164,Category A
167,2009-08-01 11:00:00,53.508271882765214,12.357332413977712,Category A
168,2009-01-20 09:00:00,54.879454836554956,11.966583773575406,Category B
169,2010-09-16 17:00:00,56.5349270982203,9.5064223689209,Category B
170,2009-07-30 21:00:00,59.03113819462226,7.764907152454366,Category A
171,2010-02-26 18:00:00,56.33864053934177,6.555028482181134,Category C
172,2011-04-10 18:00:00,50.45405078864183,13.401296506868416,Category B
173,2010-07-31 01:00:00,53.07434946779579,9.663620936893567,Category A
174,2010-06-04 21:00:00,53.24385478189598,12.568212356881649,Category C
175,2011-06-24 23:00:00,51.916747111665494,7.943609195243004,Category C
176,2011-05-09 05:00:00,56.49735072096313,5.236113207906463,Category C
177,2009-09-14 20:00:00,54.031403587656555,11.732050664142776,Category A
178,2009-03-04 05:00:00,53.60464708624738,8.80666057627558,Category B
179,2011-10-08 11:00:00,56.61967599742577,11.047436891282205,Category A
180,2011-09-05 19:00:00,50.684577752391625,9.919392289857969,Category A
181,2009-02-13 19:00:00,58.05267915627237,14.239450258753976,Category B
182,2009-04-04 09:00:00,51.77963204252465,8.91530392401987,Category A
183,2009-05-08 10:00:00,55.909703369591625,5.733487783653133,Category C
184,2009-01-24 03:00:00,59.991900495219035,8.836377102760075,Category C
185,2009-04-19 14:00:00,52.08078790244246,11.594441919304453,Category C
186,2010-08-25 00:00:00,53.04437129604932,5.050706299048632,Category A
187,2009-03-17 04:00:00,58.36249399380577,11.923799899290591,Category C
188,2011-02-01 13:00:00,52.81901287792804,5.298900811009052,Category C
189,2010-04-04 23:00:00,59.30442978309484,8.19133641923165,Category B
190,2010-11-02 03:00:00,57.30112075949283,13.023688814628136,Category C
191,2011-02-04 12:00:00,53.60322357716631,9.790522535407286,Category C
192,2009-09-12 00:00:00,52.11547662019391,6.493483467924968,Category B
193,2010-05-20 07:00:00,52.292625512131956,5.226361450875608,Category B
194,2010-10-20 05:00:00,52.46669603094718,10.055348103444375,Category C
195,2010-11-20 22:00:00,57.05754143327503,14.044821756529736,Category B
196,2009-06-13 01:00:00,52.45963348107623,9.05346765797109,Category A
197,2009-12-23 06:00:00,58.47656527497243,13.584612024668164,Category A
198,2009-01-24 06:00:00,52.827185962180415,5.512705960158311,Category A
199,2009-01-18 12:00:00,53.3658855997163,6.013688617933948,Category B
200,2011-06-19 13:00:00,52.165922724512015,11.637608074678287,Category A
201,2011-02-19 07:00:00,57.87552143861384,11.51255326171386,Category B
202,2009-05-09 15:00:00,55.212934923578985,10.000278538403506,Category B
203,2012-01-03 13:00:00,56.18033857976414,12.190809612118557,Category B
204,2009-12-30 13:00:00,50.88560898231501,9.530418100803178,Category C
205,2010-02-21 06:00:00,52.735575124346184,10.908154612046971,Category B
206,2010-10-09 02:00:00,59.738770527137675,10.181672602797503,Category C
207,2009-12-18 07:00:00,51.08058828282786,5.571057920742706,Category C
208,2010-06-18 02:00:00,51.391778894710754,12.496584709183914,Category C
209,2009-08-24 06:00:00,59.12217209425991,13.772521894691797,Category A
210,2011-09-02 04:00:00,57.98471387485879,11.47505938994287,Category A
211,2010-01-12 20:00:00,55.697837561035215,11.342202938813154,Category C
212,2011-04-08 02:00:00,50.933875089312146,7.359258689071712,Category A
213,2010-11-22 12:00:00,53.65980203187393,12.992023587778947,Category A
214,2009-01-31 17:00:00,51.34831522300974,14.25694613130852,Category B
215,2009-04-11 10:00:00,56.267958993683614,13.685149673407125,Category B
216,2010-10-06 15:00:00,55.342531314948346,5.295212610659502,Category A
217,2009-10-26 11:00:00,52.12770178278369,10.481346221892691,Category B
218,2010-07-26 16:00:00,50.57141993466216,6.67199521731872,Category B
219,2010-02-02 18:00:00,53.841377933093604,8.224236608814882,Category B
220,2011-06-27 04:00:00,51.31657329291961,5.1550938262047605,Category C
221,2010-05-27 15:00:00,54.04908041863329,8.901895752417929,Category C
222,2010-10-06 15:00:00,50.26369499105505,14.534227326447006,Category A
223,2010-12-15 11:00:00,55.103511280997864,9.616283816299404,Category A
224,2011-10-02 01:00:00,54.39455405041608,14.898939814231051,Category A
225,2011-03-03 21:00:00,50.25873168941623,8.858076517350018,Category A
226,2009-03-22 17:00:00,55.81789087591086,8.178085824790244,Category A
227,2011-01-14 11:00:00,51.4187323592988,6.355167021080489,Category C
228,2012-01-05 16:00:00,58.508944481507044,8.225000738088127,Category B
229,2012-01-09 08:00:00,50.61612946388081,5.8582347563846096,Category C
230,2010-05-09 01:00:00,54.19522118178143,6.460930513679251,Category C
231,2011-07-27 01:00:00,59.35438060749537,9.863340746219071,Category C
232,2011-02-18 07:00:00,59.515338012469286,12.098377608318609,Category B
233,2011-09-19 11:00:00,58.87864790878807,10.350066286638107,Category C
234,2009-12-22 11:00:00,50.060651105252276,10.213342757020463,Category A
235,2009-09-12 11:00:00,59.607974508338806,6.373434201126446,Category A
236,2010-11-13 20:00:00,56.02134999703339,5.724635581549428,Category B
237,2010-09-25 10:00:00,58.07329045983748,9.467071767622445,Category A
238,2010-02-09 18:00:00,58.572056447951596,7.909721855362313,Category B
239,2009-05-02 06:00:00,57.19696636479172,9.80916894015695,Category C
240,2011-06-08 18:00:00,50.12139750113308,8.796722389896118,Category C
241,2011-04-15 12:00:00,56.918494344984765,13.824705559485201,Category A
242,2010-12-30 15:00:00,51.64961128186624,10.93215070662377,Category A
243,2009-09-24 08:00:00,57.695552459710285,9.842303964974635,Category C
244,2011-05-26 05:00:00,50.86450719025053,9.819333356410684,Category A
245,2010-05-08 15:00:00,54.49548350301747,14.605574841022486,Category B
246,2010-04-28 20:00:00,52.367812907230714,8.348576119696324,Category B
247,2011-01-04 15:00:00,50.83849205941259,9.34426857576268,Category C
248,2010-04-18 05:00:00,50.10687900581431,12.599968163882416,Category B
249,2011-08-10 12:00:00,59.38163860979876,8.262631346063655,Category A
250,2010-11-02 16:00:00,59.44690644613068,12.354345081035206,Category A
251,2009-01-05 06:00:00,50.99447154458934,11.548842757577432,Category B
252,2011-12-29 01:00:00,50.278800125573206,11.312491320452988,Category A
253,2011-09-04 19:00:00,58.582232352372586,9.591329049412742,Category B
254,2010-05-01 23:00:00,57.09134602436712,14.827664091613153,Category B
255,2011-03-09 20:00:00,58.1157290585458,10.260019855810949,Category B
256,2009-09-29 20:00:00,58.36209957482353,12.494698050189415,Category B
257,2010-06-18 11:00:00,50.13689616807447,6.018244171376024,Category C
258,2011-06-27 04:00:00,52.53748810909244,13.731124277622538,Category C
259,2009-09-25 06:00:00,56.60787234114551,6.518066044932622,Category A
260,2009-10-15 20:00:00,55.81040289429106,8.40102860926833,Category C
261,2009-02-22 18:00:00,50.535912068771175,6.961579478408813,Category C
262,2011-10-19 02:00:00,54.50017713931583,12.402565639155785,Category C
263,2009-06-20 07:00:00,58.570625009128705,13.071807623976754,Category B
264,2011-08-30 17:00:00,58.10858925643717,7.931963179601723,Category A
265,2011-01-28 00:00:00,56.38446669809875,6.030015579176293,Category B
266,2009-12-18 08:00:00,52.17663552431835,13.103824464942926,Category C
267,2011-11-01 23:00:00,51.90389026483897,14.38548089454644,Category C
268,2010-09-01 13:00:00,55.00348487174884,6.779622081389498,Category A
269,2011-11-23 01:00:00,51.40124325054517,7.221608729134765,Category A
270,2010-07-08 03:00:00,58.072873821960016,11.282606925441168,Category A
271,2011-02-18 10:00:00,59.41777400015134,10.136662051747127,Category A
272,2010-08-21 08:00:00,57.92968864511536,8.37822062042495,Category B
273,2011-01-07 13:00:00,56.20463629030513,6.8612242491887345,Category A
274,2011-01-10 06:00:00,59.18795026274887,10.97767403962175,Category B
275,2011-06-20 03:00:00,58.10261190400725,8.275194905202053,Category A
276,2010-09-06 02:00:00,50.99809608797077,9.05606236355727,Category A
277,2009-11-14 03:00:00,51.62005366129035,10.623711908196789,Category C
278,2011-10-19 18:00:00,52.782486504814045,9.063997903930776,Category A
279,2011-11-10 05:00:00,54.62891254084353,10.83149075788769,Category A
280,2011-11-25 16:00:00,50.12387731528944,13.68398157704741,Category A
281,2009-08-29 14:00:00,56.60376358792033,14.348419352077942,Category B
282,2010-11-15 16:00:00,50.23660898825508,10.41087609494123,Category B
283,2009-07-15 12:00:00,58.06710718421127,10.170790777594725,Category A
284,2010-06-05 12:00:00,59.027521408207946,8.572671759346065,Category A
285,2010-09-02 02:00:00,50.70918142138429,9.86263702704623,Category A
286,2011-10-06 14:00:00,52.5480012171222,11.62535598296685,Category B
287,2010-12-31 19:00:00,57.207441822083354,10.49659244831469,Category A
288,2009-11-27 12:00:00,56.719558533515425,12.931704726259607,Category B
289,2011-03-15 11:00:00,50.21771810215642,11.899748367548936,Category B
290,2010-05-21 03:00:00,58.49542152653648,13.713033591410976,Category A
291,2010-04-14 08:00:00,52.15911821503936,10.876286031445108,Category B
292,2009-07-10 20:00:00,52.03739787959844,9.036893668196399,Category B
293,2011-06-07 03:00:00,50.203550031741486,14.486459466399623,Category A
294,2010-05-22 07:00:00,54.28954401178097,12.935509099826884,Category A
295,2011-09-20 17:00:00,57.900216776048744,7.991883923862374,Category C
296,2011-05-03 16:00:00,59.171651595640384,5.6507024333414915,Category C
297,2011-10-26 00:00:00,53.57495753875888,11.630696416552686,Category A
298,2011-05-27 10:00:00,57.43927984900469,7.095750509225001,Category B
299,2011-04-06 16:00:00,52.149064128105856,7.04332030187391,Category C
300,2010-03-19 18:00:00,59.33138307387678,7.197875742245698,Category A
301,2010-01-12 07:00:00,53.14469273240986,5.568731397612277,Category B
302,2011-10-21 13:00:00,58.17602000960619,11.034397474195345,Category C
303,2011-06-29 19:00:00,53.26200402051224,6.463059633317766,Category C
304,2011-08-16 02:00:00,50.05526964352148,6.162150473607834,Category B
305,2010-06-22 02:00:00,58.42705174324124,10.153512300055851,Category C
306,2009-01-01 17:00:00,50.79622758621058,5.00961290839622,Category B
307,2009-07-04 17:00:00,59.75149942017001,7.4193419100414895,Category B
308,2009-01-04 04:00:00,52.07467255270686,13.393823699966147,Category B
309,2010-06-07 06:00:00,53.469679893727786,6.6560343046468695,Category C
310,2009-06-26 16:00:00,51.205848836916566,14.86342462156949,Category A
311,2009-01-10 02:00:00,54.38734350902842,5.9880746940928065,Category A
312,2011-10-16 23:00:00,52.10074935687783,12.080922127379793,Category A
313,2010-04-09 20:00:00,52.97209579745053,5.556992446210874,Category A
314,2010-05-24 21:00:00,59.24626245066993,8.631354534204325,Category C
315,2009-09-28 07:00:00,50.54544858333854,13.966849990110738,Category C
316,2010-08-10 15:00:00,58.08892926603901,5.1133884307254815,Category A
317,2009-03-02 13:00:00,55.45138231125805,14.158804231159548,Category B
318,2009-04-27 16:00:00,51.337492297086214,8.000981306235598,Category C
319,2010-01-21 20:00:00,52.15957530478221,13.113018383156566,Category A
320,2009-05-05 01:00:00,52.25611661904626,10.55576725967687,Category B
321,2011-01-07 00:00:00,54.04569928584566,8.590808501675872,Category C
322,2009-08-31 09:00:00,51.87072135956615,13.600098725564507,Category B
323,2009-08-23 01:00:00,53.67276375398724,5.373432183236972,Category B
324,2009-11-10 22:00:00,52.11395769741442,7.194165078836949,Category C
325,2011-12-05 05:00:00,54.3744691963082,9.232200674487656,Category C
326,2009-11-27 04:00:00,53.16234447956078,8.752280521203218,Category A
327,2011-09-06 17:00:00,54.45074917208435,9.179710292772402,Category C
328,2009-01-26 17:00:00,58.78284686504624,9.648260666435139,Category A
329,2011-05-19 17:00:00,57.168886881090245,8.12058547628764,Category B
330,2011-10-25 23:00:00,55.23786052914349,11.364662688806158,Category A
331,2010-03-29 21:00:00,50.42424680288185,11.939647237211428,Category C
332,2009-03-16 23:00:00,56.43848563177198,10.180606546812765,Category B
333,2009-02-12 17:00:00,56.78199030775728,5.853773794435987,Category A
334,2009-12-31 19:00:00,55.744193249604876,7.8846737401256775,Category B
335,2009-03-07 10:00:00,51.384167283535156,14.602646170300531,Category B
336,2011-03-13 10:00:00,55.42605451315396,10.909650720125168,Category C
337,2010-07-24 02:00:00,58.3375351343353,5.1662610641638445,Category B
338,2010-11-27 03:00:00,57.19017477730496,14.408348396404694,Category A
339,2010-01-09 06:00:00,58.417252038911485,9.319089132532675,Category B
340,2011-08-03 22:00:00,56.376406548862846,9.43007549405993,Category C
341,2011-09-30 05:00:00,53.71469271179347,11.504516860637194,Category C
342,2011-02-23 01:00:00,57.3650166820762,14.11465422793777,Category B
343,2010-01-19 08:00:00,56.26918386717529,13.981935538644107,Category C
344,2011-04-06 12:00:00,56.64899275958424,13.0619260358258,Category A
345,2010-06-22 17:00:00,54.728006521065666,8.730824121004309,Category A
346,2010-06-05 09:00:00,55.57762099309738,5.548298275483104,Category A
347,2009-03-25 19:00:00,59.4228006174803,12.208475600800327,Category C
348,2009-07-07 12:00:00,58.98619045400404,8.946817818963313,Category C
349,2010-08-14 19:00:00,51.99017134589821,5.456337994530575,Category A
350,2010-04-05 22:00:00,50.83509986394971,7.619293922231758,Category B
351,2010-11-30 05:00:00,55.53458464855048,9.889665614839615,Category C
352,2011-11-16 03:00:00,54.64882606132184,11.666344046272613,Category A
353,2010-02-10 09:00:00,54.13774404108241,6.962647613243917,Category B
354,2009-12-12 06:00:00,50.177928990525366,9.354835952090609,Category A
355,2009-10-22 04:00:00,53.39553715117212,5.2824629026264,Category A
356,2010-10-25 22:00:00,50.48363589206992,7.962368678564734,Category A
357,2009-04-27 21:00:00,53.9013888644434,8.560704751213528,Category C
358,2010-08-02 03:00:00,57.23890565039511,10.425532210372968,Category C
359,2010-08-23 05:00:00,58.73605294579702,14.39530610100251,Category C
360,2011-10-05 16:00:00,59.635786247504484,14.750174102847978,Category C
361,2009-02-19 07:00:00,51.8472575744039,14.823446149097808,Category A
362,2009-07-16 16:00:00,59.911522023697636,13.107145579373,Category C
363,2009-02-13 23:00:00,52.33074778696494,14.230330669076444,Category C
364,2009-08-07 00:00:00,51.002030999412504,6.5562442740466755,Category A
365,2009-10-13 05:00:00,59.416014240333034,7.516158202413717,Category C
366,2009-09-10 14:00:00,59.31460791778882,6.544308987961129,Category B
367,2009-08-04 13:00:00,54.22412073710398,13.651744856559606,Category B
368,2010-12-26 09:00:00,53.75766300970014,5.0375549988482256,Category A
369,2009-11-09 10:00:00,50.96572988353263,11.710627521190247,Category B
370,2009-01-04 09:00:00,50.42088267532673,14.371039375939667,Category C
371,2011-09-08 07:00:00,53.69676908200536,7.540301489600667,Category B
372,2010-01-16 00:00:00,55.24140431103823,12.076129248313357,Category B
373,2010-08-22 06:00:00,58.859873108165466,13.629169634484319,Category B
374,2011-02-26 23:00:00,51.02710839798791,8.393033388552746,Category C
375,2010-06-09 02:00:00,58.907652738100104,7.36452136427003,Category A
376,2009-08-23 17:00:00,56.562018655467206,12.04249249467507,Category A
377,2010-02-19 09:00:00,51.41409421439967,13.869271621347623,Category B
378,2009-12-14 23:00:00,55.911783999332826,5.585972619247378,Category B
379,2012-01-02 10:00:00,57.24616721229094,12.147384041604118,Category A
380,2011-03-14 02:00:00,57.467752281592674,14.420333413545094,Category B
381,2010-04-22 07:00:00,55.78571465262024,7.519845994439792,Category C
382,2010-09-02 11:00:00,59.12500859724261,10.133165176602997,Category C
383,2011-04-27 20:00:00,53.52076381565589,10.276756720065874,Category A
384,2010-02-13 17:00:00,51.411849972624935,14.692953888736845,Category A
385,2010-04-26 17:00:00,56.86169386359663,8.292689022266346,Category C
386,2009-11-28 15:00:00,53.295009251262144,11.775719797010712,Category C
387,2009-10-26 23:00:00,52.03838459002311,13.169075118071326,Category B
388,2011-05-23 23:00:00,52.39683681951657,12.705302852741118,Category A
389,2010-11-14 04:00:00,53.70133481364291,8.950221057345814,Category A
390,2010-02-24 00:00:00,57.32100389041822,5.675461561612577,Category B
391,2009-09-16 13:00:00,58.583068187522635,5.230803149408382,Category A
392,2009-04-15 12:00:00,55.068196080394415,6.560661395815417,Category C
393,2011-08-19 00:00:00,59.611239182112286,10.918821268942816,Category B
394,2009-11-07 18:00:00,56.615019699699225,9.460323741932786,Category A
395,2009-05-29 07:00:00,50.58329691694528,12.469299646388823,Category B
396,2010-03-22 13:00:00,52.894951821373844,13.510146018122718,Category B
397,2009-04-19 17:00:00,51.66598856289684,13.21877061546704,Category C
398,2011-04-08 09:00:00,56.61182836591484,13.064717111619968,Category B
399,2009-02-08 16:00:00,52.71993213901512,13.277751031257377,Category B
400,2011-06-08 17:00:00,58.819272489792596,9.137915835699062,Category A
401,2010-03-05 11:00:00,57.05207471845894,8.84582424256118,Category B
402,2009-06-22 11:00:00,57.74102190900909,10.763233030424434,Category C
403,2009-06-09 18:00:00,55.25362533202565,9.80772848431855,Category C
404,2011-02-16 03:00:00,56.198546831742384,8.321583163176449,Category B
405,2010-05-29 02:00:00,50.12693363584114,14.416578953109733,Category A
406,2009-03-22 15:00:00,51.94022334622668,12.565861782359487,Category A
407,2010-03-03 03:00:00,59.82802666110757,7.961307335798576,Category B
408,2009-09-04 04:00:00,56.19559150133011,10.297159728588136,Category A
409,2009-10-06 11:00:00,52.92836005980688,10.91745980942863,Category C
410,2010-11-06 07:00:00,56.89126160966559,6.640039024626178,Category C
411,2009-01-08 09:00:00,55.91406601503547,12.006855911018087,Category B
412,2009-01-20 16:00:00,53.58533621406749,8.479173374890868,Category C
413,2009-04-05 13:00:00,58.008411961624546,8.96717066918466,Category B
414,2011-11-22 10:00:00,59.00874678945319,10.296728793604569,Category B
415,2009-06-21 18:00:00,58.395296650757906,9.188580818752072,Category A
416,2011-09-15 20:00:00,57.55573985231558,9.834216045123908,Category A
417,2011-09-02 05:00:00,50.27237683917066,13.417153581409021,Category C
418,2011-02-09 06:00:00,53.937046958966945,8.896675102861925,Category B
419,2011-02-18 17:00:00,54.85868864616516,8.301923747977575,Category B
420,2009-12-24 10:00:00,52.24946555733841,5.11671281329264,Category C
421,2009-07-10 10:00:00,51.967739496630614,10.06351125994649,Category B
422,2009-03-08 19:00:00,56.74165467517926,5.2856920767371545,Category A
423,2009-08-06 03:00:00,57.50862038922814,5.784788727505422,Category C
424,2010-09-05 16:00:00,59.68144010911747,9.66392230998403,Category A
425,2011-06-23 15:00:00,59.434841945448795,14.012940592601336,Category A
426,2010-01-02 10:00:00,54.15219559707794,14.500754294023375,Category B
427,2010-09-17 03:00:00,50.86878523887877,9.05756604282383,Category B
428,2011-06-21 11:00:00,58.55372771972965,8.803937062629377,Category A
429,2011-12-09 11:00:00,57.689701238216394,7.4642362598006535,Category A
430,2010-07-10 23:00:00,51.91576726632004,12.843586510800106,Category A
431,2009-01-29 00:00:00,52.53637697663013,7.493523223304198,Category C
432,2009-07-01 15:00:00,56.958473648590015,14.301997220011348,Category B
433,2011-12-20 15:00:00,57.6722261451492,13.092568770107375,Category B
434,2011-07-04 23:00:00,54.02264066021945,14.488849865464607,Category A
435,2009-12-18 00:00:00,51.53893453041305,8.572975704621737,Category A
436,2009-01-22 11:00:00,59.11542850198508,11.824323611528236,Category A
437,2011-12-28 11:00:00,57.954005762679365,13.71248652328251,Category A
438,2009-09-10 19:00:00,56.79079488549592,9.76201151499114,Category A
439,2009-06-27 19:00:00,58.5159959317002,14.284684566859578,Category C
440,2010-02-10 20:00:00,58.04745779237177,7.254160847541403,Category A
441,2009-07-07 00:00:00,57.92626814930441,8.527501513860969,Category A
442,2010-01-07 04:00:00,58.11250231872989,11.544894503140707,Category A
443,2009-08-19 17:00:00,57.41006239418316,14.05605515143168,Category B
444,2009-02-18 22:00:00,59.30960624921774,6.894667299998176,Category A
445,2009-04-14 12:00:00,58.841386801876006,5.487640294838969,Category C
446,2010-04-11 03:00:00,52.13413344484266,13.392521437663923,Category B
447,2011-07-25 14:00:00,58.61269424018986,8.280014534092587,Category A
448,2011-01-07 19:00:00,55.14998975425661,10.23771381112876,Category B
449,2009-01-18 06:00:00,51.21198053300161,10.236880787220533,Category B
450,2010-09-26 23:00:00,55.66194816385267,6.922991603500982,Category A
451,2010-07-02 09:00:00,56.63333523383467,13.200952235542848,Category C
452,2009-02-04 16:00:00,58.3523959028218,12.100010861151016,Category B
453,2010-03-17 06:00:00,54.55606296884798,14.563190068741882,Category C
454,2010-02-21 22:00:00,51.37147764043891,6.390196936955325,Category C
455,2010-08-23 15:00:00,51.54457510825152,6.736050157732501,Category C
456,2011-02-14 20:00:00,59.62627476890713,14.580223071331796,Category B
457,2009-04-15 08:00:00,50.94332712338964,14.173188104134493,Category A
458,2009-04-30 06:00:00,56.28763087249572,13.792173040572086,Category B
459,2009-06-16 22:00:00,52.3512106931119,11.984330208160934,Category C
460,2009-09-24 04:00:00,51.13126043790947,10.94417172481862,Category B
461,2011-07-30 08:00:00,55.999583532913775,11.456059444311187,Category C
462,2010-01-10 08:00:00,54.34788271128433,12.933204735457917,Category C
463,2009-05-26 02:00:00,57.504190043023534,7.993355735073813,Category B
464,2009-08-03 09:00:00,55.0660447438983,10.087314917269353,Category C
465,2011-07-14 23:00:00,58.123854426022405,6.954027161202,Category A
466,2011-12-23 01:00:00,55.48558124037768,14.427842843430241,Category B
467,2009-06-01 02:00:00,53.984197954439736,7.28477625843861,Category C
468,2009-04-01 01:00:00,56.9664351329546,13.493877396359688,Category B
469,2010-01-09 23:00:00,53.34981652231799,14.507690566809085,Category C
470,2009-06-21 16:00:00,50.23228396194158,10.474135656305883,Category B
471,2009-09-04 16:00:00,58.91500399154399,8.748979236874561,Category B
472,2010-01-03 05:00:00,50.54787304451681,6.26887157389572,Category B
473,2011-10-15 18:00:00,56.30629423812346,12.506101492698457,Category A
474,2011-10-16 01:00:00,54.53541780698622,5.324608675610899,Category C
475,2010-10-21 20:00:00,54.15001165471932,5.242962813470183,Category A
476,2009-01-29 09:00:00,59.024705311647736,13.66567465726108,Category C
477,2010-01-10 12:00:00,57.43495352603633,8.159349787407848,Category B
478,2009-02-20 21:00:00,54.99216622497273,12.75851326737489,Category C
479,2010-02-02 12:00:00,59.437560709780726,6.8161010740811285,Category A
480,2011-05-08 16:00:00,59.21152213775251,10.62285386184756,Category B
481,2009-03-19 17:00:00,51.77922474573749,14.61995547293849,Category C
482,2011-05-08 22:00:00,56.74142197882328,6.757826483953808,Category B
483,2009-06-03 14:00:00,54.18278360628995,6.865457879930269,Category C
484,2009-04-08 00:00:00,56.148023428011655,11.908474445543558,Category C
485,2010-08-23 04:00:00,55.82591921452173,14.003014808878502,Category A
486,2009-03-19 17:00:00,58.03828639631985,8.429743920213127,Category B
487,2011-10-09 05:00:00,57.72048426259872,14.07809959649109,Category C
488,2010-01-17 04:00:00,54.46441834800193,6.509288849587018,Category C
489,2010-03-27 00:00:00,51.286846274323324,10.848344256244275,Category C
490,2009-04-05 02:00:00,58.91214652137403,13.81670279926749,Category B
491,2011-04-03 09:00:00,50.46106737584103,6.813013901010283,Category B
492,2009-10-29 02:00:00,53.359728314690635,10.025871436914457,Category C
493,2009-10-18 10:00:00,52.82398753089192,9.826573175258314,Category C
494,2009-06-03 16:00:00,51.6289105413557,11.826368280884921,Category C
495,2009-06-28 19:00:00,58.18995060593894,8.348067964660043,Category A
496,2011-10-15 21:00:00,53.64814690714477,14.949624216835888,Category A
497,2011-08-01 19:00:00,54.27109408451735,8.289839891830095,Category A
498,2009-03-09 00:00:00,59.89226624309897,7.914273332592085,Category A
499,2010-10-10 21:00:00,55.84703575051811,6.285530383971255,Category A
500,2010-10-31 16:00:00,50.565545678694775,8.299428168106218,Category B
501,2010-11-27 23:00:00,57.94012871538425,5.404165858912039,Category C
502,2009-07-04 23:00:00,59.92455417788204,11.081131593490719,Category C
503,2010-09-18 22:00:00,56.392060785666786,11.95152205707307,Category B
504,2009-11-16 21:00:00,59.916190123749345,10.107287015441562,Category A
505,2010-03-02 21:00:00,53.62377804192553,14.205706001523241,Category C
506,2011-06-15 04:00:00,54.05725617715337,14.15000410600688,Category C
507,2011-03-23 16:00:00,54.33497042979309,6.044698675409348,Category C
508,2009-02-26 22:00:00,56.749284754261446,12.209666784466972,Category B
509,2011-12-07 14:00:00,57.5289620696431,6.488510877361615,Category A
510,2011-03-04 11:00:00,52.386065264154055,7.7846309333250465,Category B
511,2009-11-22 14:00:00,51.845236175709076,6.703198519493114,Category C
512,2011-06-25 06:00:00,55.528656015067,12.312554075455822,Category C
513,2010-05-07 03:00:00,57.018936630416576,6.445478210187664,Category B
514,2010-04-04 00:00:00,52.43470388792829,10.680762783856705,Category A
515,2010-07-11 04:00:00,53.94187620338047,9.823731792832469,Category B
516,2011-11-17 22:00:00,52.570204822681994,11.63160064154257,Category B
517,2011-11-14 12:00:00,55.707948877792866,6.9451794213563245,Category C
518,2011-09-03 02:00:00,58.3303854917844,9.525976731229052,Category C
519,2011-09-09 02:00:00,55.17596967648239,7.112076243582999,Category A
520,2011-12-15 09:00:00,59.11213042717442,8.31297204696929,Category A
521,2010-01-25 19:00:00,57.77975081347048,8.925374980586254,Category C
522,2009-09-01 15:00:00,53.54711394008821,11.329419834595907,Category C
523,2010-12-30 19:00:00,54.996141238873136,12.440952688600628,Category C
524,2010-02-01 03:00:00,57.00059865278868,13.576177681574102,Category A
525,2010-05-07 14:00:00,53.925122899029596,14.10167715037727,Category A
526,2009-08-19 14:00:00,57.980614942015606,5.432874400138973,Category B
527,2009-07-04 04:00:00,57.289337249490885,8.420081615622188,Category B
528,2009-08-08 23:00:00,54.06615016636539,6.864721325503716,Category B
529,2011-09-20 13:00:00,50.79084276536941,8.838319769907333,Category B
530,2011-08-23 07:00:00,59.15019687555467,13.764390950839006,Category A
531,2009-01-14 03:00:00,58.47650870689412,6.2829300408484245,Category B
532,2010-06-25 16:00:00,53.05756172150522,14.845933481089855,Category B
533,2011-10-01 01:00:00,59.69681406055827,11.735938828361205,Category A
534,2009-12-08 23:00:00,57.92030596273138,6.214172523572554,Category C
535,2010-07-25 14:00:00,51.25633553989239,6.7792695473466145,Category C
536,2011-03-08 21:00:00,59.148982318526606,5.963755043649356,Category B
537,2009-09-06 09:00:00,54.924999966605725,11.930615288126932,Category A
538,2009-09-17 17:00:00,57.94359905642282,5.671941251025894,Category C
539,2010-09-15 06:00:00,58.88320663117344,7.434205360875902,Category A
540,2011-05-25 13:00:00,56.26311562203978,8.012624657917847,Category A
541,2010-09-16 21:00:00,51.69301331546884,9.928672570951985,Category C
542,2010-03-10 22:00:00,54.173516237612844,6.027945429512542,Category B
543,2011-12-31 23:00:00,52.855588165126456,7.7316724903827,Category C
544,2010-04-30 17:00:00,59.01432354969113,13.51871431466401,Category A
545,2012-01-01 21:00:00,53.997626391360534,5.10069323076721,Category A
546,2011-12-25 08:00:00,55.09048932659228,9.745665873697344,Category A
547,2009-02-24 19:00:00,59.945710761973146,8.961420873968558,Category C
548,2009-02-20 04:00:00,50.3958407979749,12.906919615494758,Category C
549,2009-07-06 23:00:00,56.12853311996876,8.68086141365428,Category C
550,2011-12-24 17:00:00,53.89072618654623,12.779798563453308,Category C
551,2011-11-08 06:00:00,50.85694414202036,8.479400866462026,Category C
552,2010-11-13 21:00:00,50.84992408243775,13.478625162940093,Category C
553,2011-09-13 08:00:00,53.43515972601918,12.196978695682995,Category A
554,2011-11-06 05:00:00,53.23635808109552,9.877558636169372,Category A
555,2009-10-14 00:00:00,59.81031930313338,5.736629795948133,Category B
556,2010-11-02 11:00:00,50.675046674618685,9.42233779386469,Category B
557,2009-11-29 22:00:00,57.32143226880579,10.351044967402288,Category A
558,2009-06-14 07:00:00,58.260151548588325,13.408542786759556,Category A
559,2009-05-05 01:00:00,55.956534416914195,13.799634766643676,Category C
560,2009-01-15 15:00:00,50.62002302334846,9.782791333121132,Category B
561,2010-01-21 18:00:00,51.64337007475608,12.124615587192231,Category C
562,2009-12-13 06:00:00,54.47650553116607,13.431676931383924,Category B
563,2011-10-13 08:00:00,53.639271670877015,6.9940733166981826,Category A
564,2010-05-22 18:00:00,58.280067947975326,14.0600332844767,Category A
565,2009-04-16 14:00:00,59.42299034786302,14.34021509641439,Category A
566,2010-11-29 12:00:00,58.400862479694695,7.9318953924758855,Category A
567,2009-09-11 17:00:00,53.16605595720955,13.773631701231094,Category C
568,2011-03-28 08:00:00,53.055468929328946,6.397287717201383,Category A
569,2011-10-13 23:00:00,58.12185411256341,13.698124049561685,Category C
570,2011-08-20 07:00:00,50.93055021851763,13.734376546621531,Category A
571,2011-05-09 23:00:00,51.36293979695355,12.66240660438848,Category B
572,2010-05-19 13:00:00,51.20557103696473,8.112965872039855,Category A
573,2010-10-29 21:00:00,54.11403664295908,12.940850764698116,Category C
574,2009-10-08 22:00:00,57.07629710550133,8.454563404925075,Category C
575,2011-05-09 16:00:00,55.02590473486588,11.27779927635634,Category A
576,2009-11-09 21:00:00,57.19624840230638,10.425423288603502,Category C
577,2011-08-04 09:00:00,51.93441795103906,13.810317357182782,Category C
578,2010-05-24 01:00:00,56.83325473285811,12.717261790183203,Category A
579,2009-02-20 04:00:00,57.08089415150113,9.653058955264285,Category B
580,2010-07-31 17:00:00,51.34351566759702,6.137334897154785,Category B
581,2011-04-20 23:00:00,59.75291306766567,6.1350473549804825,Category C
582,2011-12-02 23:00:00,54.40254026156062,5.319615014784346,Category B
583,2011-02-16 03:00:00,57.60248459430937,11.09427429492336,Category B
584,2010-08-24 00:00:00,58.55152962562048,9.386024417875511,Category C
585,2010-10-19 17:00:00,53.24051284792716,5.9468585174397965,Category C
586,2010-08-30 05:00:00,52.34181521973652,12.204122847659413,Category A
587,2009-06-12 22:00:00,53.42945807650874,13.500345764744294,Category A
588,2009-05-19 08:00:00,57.69333332488681,7.921653501440222,Category A
589,2009-06-09 09:00:00,57.09354930451342,14.299819683727877,Category C
590,2009-09-28 21:00:00,51.31601748205634,7.145195585261538,Category C
591,2009-11-03 18:00:00,58.2677815273598,6.47483864969491,Category B
592,2010-10-05 23:00:00,52.77479142719709,10.455802105022004,Category A
593,2010-11-09 16:00:00,53.065669531820575,14.30017997914084,Category C
594,2009-07-13 11:00:00,56.53955987179775,6.491049737441025,Category A
595,2009-01-17 14:00:00,57.43327166629123,11.018601521872213,Category B
596,2010-12-03 21:00:00,59.31981925988538,10.713366916679973,Category A
597,2011-06-30 06:00:00,52.17520805919458,6.982722795367638,Category A
598,2009-04-21 11:00:00,56.34142256100389,5.278971376492557,Category C
599,2009-08-30 16:00:00,50.58393995652006,12.618033542308382,Category C
600,2010-08-08 17:00:00,50.20010078051759,8.606843812308671,Category B
601,2009-03-08 14:00:00,54.32018200207696,5.8567408547469535,Category B
602,2010-11-14 05:00:00,58.00813119017984,10.8874040397604,Category C
603,2010-05-30 11:00:00,51.619161982053015,8.632736968218941,Category C
604,2009-04-29 00:00:00,55.637488304774024,11.160899904227213,Category A
605,2010-05-09 12:00:00,55.353482453421194,11.524978476546927,Category B
606,2010-09-29 05:00:00,58.29762791657481,7.878042145740701,Category A
607,2010-04-14 02:00:00,56.378607899986434,7.5981120799145705,Category A
608,2010-11-05 00:00:00,56.57575757263802,9.988828024637082,Category C
609,2009-08-18 06:00:00,56.80604164327402,14.58587773354158,Category A
610,2010-06-10 22:00:00,51.356886392016854,6.441730478152925,Category C
611,2011-11-21 11:00:00,53.35705973528137,14.995139358713494,Category B
612,2010-03-20 09:00:00,55.294270056796755,11.19242718325937,Category B
613,2009-06-22 14:00:00,54.89621756330274,5.963981818742143,Category B
614,2011-05-22 00:00:00,51.16862267100683,9.351136714039935,Category B
615,2009-05-03 23:00:00,55.29437355463198,12.013866519597595,Category B
616,2012-01-09 22:00:00,52.875709175090925,14.632651147490257,Category B
617,2011-07-12 12:00:00,52.04015198764205,13.51917679456072,Category A
618,2011-07-11 03:00:00,51.48403641754727,7.351037268976329,Category C
619,2009-06-15 18:00:00,57.10860824532765,10.661549804356628,Category B
620,2011-12-26 13:00:00,59.64021993185059,9.765685310456123,Category C
621,2009-08-01 07:00:00,53.455704869433184,13.816306954707176,Category A
622,2009-03-01 15:00:00,57.79862903583355,12.723249504256836,Category A
623,2010-05-16 19:00:00,57.28350260661544,14.734573276165488,Category B
624,2011-10-24 12:00:00,51.004996848079315,11.216154662326172,Category C
625,2010-01-25 07:00:00,55.96795596015573,7.059527264115837,Category B
626,2012-01-07 03:00:00,53.34644616574833,11.118557843872521,Category B
627,2009-10-23 20:00:00,56.39630364037326,5.937674460798233,Category B
628,2009-01-24 23:00:00,57.63965332720086,9.877450222120665,Category C
629,2011-12-24 19:00:00,58.494333190198915,6.671857820599957,Category C
630,2009-04-15 11:00:00,59.05649531450721,6.480954046188705,Category A
631,2009-04-08 17:00:00,54.85566251597155,14.750587347404085,Category A
632,2010-12-22 13:00:00,50.713047221512525,14.398097375890526,Category A
633,2011-04-18 06:00:00,52.98505608218109,6.364062409521907,Category B
634,2011-03-24 16:00:00,54.03042115961908,7.802185482769909,Category C
635,2010-02-08 19:00:00,56.74246681836533,6.308336979910391,Category A
636,2009-01-15 00:00:00,52.05562062141458,13.031698689694188,Category C
637,2010-10-15 21:00:00,57.63663935948244,12.725121327647823,Category C
638,2009-01-07 07:00:00,53.53733728488765,11.418537904825374,Category C
639,2009-08-13 13:00:00,59.33385716288614,11.7070017891792,Category C
640,2010-02-28 19:00:00,56.003512859367774,5.850336042904527,Category A
641,2009-07-22 08:00:00,59.101787577938836,11.3981706520915,Category B
642,2012-01-01 16:00:00,51.56847706185406,6.780468247001094,Category A
643,2011-07-23 04:00:00,55.0511954438892,8.419374786987298,Category C
644,2011-02-06 16:00:00,59.903867246633304,12.044223032067059,Category B
645,2009-04-29 12:00:00,55.634519571447214,14.017256830580177,Category B
646,2011-09-26 06:00:00,59.36075146286471,5.143948335768172,Category A
647,2010-05-04 06:00:00,53.65097732047903,8.989811781119432,Category A
648,2010-11-17 12:00:00,58.4986587586201,7.04706636422927,Category B
649,2010-03-28 18:00:00,54.50335142694095,8.181186453790616,Category C
650,2009-12-09 00:00:00,53.021317503139244,6.326029771366423,Category C
651,2009-04-17 09:00:00,57.77757923711289,8.363785559178845,Category B
652,2011-03-05 10:00:00,53.240718193469675,5.7175151518114244,Category B
653,2011-06-27 13:00:00,56.77599105740735,5.036728265941232,Category B
654,2009-11-25 06:00:00,59.1702947925194,5.7511467789531965,Category A
655,2011-10-07 09:00:00,54.712692336943405,14.181606287959433,Category B
656,2010-03-28 10:00:00,59.01534447751385,7.79023324927603,Category A
657,2010-07-04 13:00:00,50.94975548223509,5.393658372570718,Category C
658,2010-06-17 22:00:00,54.48086855672001,5.13409697199662,Category B
659,2012-01-07 12:00:00,53.23962527763217,11.4217194341906,Category B
660,2011-06-28 22:00:00,52.260853954395664,10.377031412324243,Category B
661,2010-10-18 19:00:00,54.94173135801752,10.31746878157982,Category B
662,2011-02-17 12:00:00,51.33932809458792,14.309316024366911,Category A
663,2009-04-15 03:00:00,59.95274626532376,12.417066872431654,Category A
664,2010-07-09 12:00:00,52.80995719621087,14.298973269017413,Category C
665,2010-08-09 20:00:00,50.102323228946815,14.22081534917529,Category A
666,2010-02-25 17:00:00,50.0888703182403,7.0684822299640615,Category C
667,2009-09-15 18:00:00,56.892239408487484,8.617129969567227,Category C
668,2011-02-08 06:00:00,55.31277222332404,11.171038249060953,Category B
669,2009-03-29 20:00:00,59.74097443376453,8.11102498160424,Category B
670,2009-11-08 16:00:00,52.60447725944944,6.022586375187961,Category B
671,2011-06-28 23:00:00,56.39029657438488,7.702996221348605,Category A
672,2010-08-21 17:00:00,50.51665798382788,9.197490327527088,Category B
673,2010-02-23 00:00:00,55.761640944325336,11.772179074165585,Category A
674,2009-08-16 05:00:00,59.7756397537092,6.170589832750127,Category C
675,2009-12-07 13:00:00,50.14574056037868,11.59131650004713,Category C
676,2011-07-07 00:00:00,54.56932600466324,9.04467579106575,Category B
677,2011-06-12 13:00:00,52.84789121747838,10.338372348445436,Category B
678,2009-02-08 20:00:00,57.46016640088024,5.853936939087408,Category B
679,2011-04-09 05:00:00,55.10963101648151,11.031688505409706,Category B
680,2009-06-15 17:00:00,57.61523957573537,9.109351769746192,Category C
681,2011-10-18 04:00:00,56.894966001429154,11.636170888452487,Category C
682,2009-06-09 02:00:00,52.4361353954192,13.164765639555833,Category C
683,2009-11-05 19:00:00,56.28317650048251,6.526842454374199,Category C
684,2010-04-15 16:00:00,50.4187589634023,10.459808171805415,Category A
685,2011-03-13 06:00:00,54.96510110575991,11.305373565049159,Category C
686,2010-05-03 21:00:00,56.19056959237953,12.412259453842037,Category B
687,2011-03-05 02:00:00,51.104364683433495,9.845237392239426,Category B
688,2009-08-05 12:00:00,58.65296886204644,12.020883776666636,Category C
689,2009-05-13 22:00:00,54.21203633991373,5.147030584544924,Category A
690,2011-05-17 12:00:00,53.7980014691415,13.593433702600757,Category A
691,2011-05-18 23:00:00,54.53338828693497,12.005009900592082,Category B
692,2011-11-25 20:00:00,53.317399047986726,13.739962957209126,Category B
693,2011-05-15 04:00:00,54.703381463858605,7.0752479439343094,Category C
694,2009-01-24 14:00:00,52.66046676596734,11.33309777156349,Category B
695,2011-12-23 23:00:00,58.827046329409946,12.527976001831242,Category A
696,2009-10-15 07:00:00,58.61520515474548,12.184077311978962,Category B
697,2009-05-14 20:00:00,58.46494678139466,12.394107948043183,Category B
698,2009-11-30 02:00:00,50.129335859507336,12.887119361815023,Category B
699,2011-09-21 12:00:00,51.53648448382352,11.528799452444948,Category C
700,2011-05-17 15:00:00,50.32515410714518,14.85262035028561,Category B
701,2010-10-07 20:00:00,50.84872675769096,9.981887161445814,Category A
702,2011-07-27 09:00:00,55.6703843205908,8.932153339799468,Category C
703,2009-05-19 08:00:00,52.47575840077184,14.73129136546844,Category B
704,2010-09-19 06:00:00,50.38050157365718,12.72173348188625,Category A
705,2009-11-24 13:00:00,58.13380502867004,11.72894539409051,Category B
706,2011-01-20 23:00:00,50.7759608406154,9.816063959693809,Category A
707,2011-05-14 12:00:00,57.192333798818446,11.76967169266145,Category B
708,2010-09-22 05:00:00,55.362648205809066,12.222370422914384,Category A
709,2009-08-18 04:00:00,52.12998766966132,10.391204656750764,Category A
710,2011-06-16 06:00:00,51.91538108879112,5.738884365909928,Category C
711,2011-02-23 12:00:00,57.85202522958303,5.037710761791479,Category A
712,2011-03-31 00:00:00,50.22373190860013,12.863853340745317,Category A
713,2009-05-10 13:00:00,58.03388021295707,9.212647754382047,Category A
714,2011-02-14 07:00:00,55.70767243229146,11.61178989825912,Category C
715,2010-03-22 20:00:00,51.0398350976829,14.386030862309097,Category C
716,2012-01-09 23:00:00,54.36968665952798,7.568394373961526,Category B
717,2011-12-05 04:00:00,59.106522738486035,12.009251469403859,Category A
718,2010-11-19 01:00:00,59.399972180230876,8.158124400364262,Category A
719,2009-09-04 03:00:00,50.804164275013015,11.632823401049425,Category A
720,2010-09-11 13:00:00,53.553731847907365,14.7208375559376,Category A
721,2011-10-18 17:00:00,58.62467410923547,7.926875400432659,Category A
722,2011-04-19 04:00:00,58.965160897268476,9.261374944646231,Category C
723,2010-01-07 14:00:00,59.77649771317721,5.4963556089033325,Category A
724,2010-09-07 01:00:00,55.58800764570364,7.212563021167247,Category C
725,2011-10-07 06:00:00,58.874941758203185,8.663089046611544,Category B
726,2009-07-01 10:00:00,56.038374605850365,13.821426447001837,Category B
727,2011-05-29 15:00:00,50.8720230693592,7.109239433028394,Category B
728,2009-05-07 02:00:00,52.53439819737777,5.6222290900600305,Category A
729,2009-08-15 17:00:00,54.70293353810507,14.084597527435657,Category A
730,2009-11-15 10:00:00,56.244819516175355,11.41675061880672,Category B
731,2010-02-17 05:00:00,51.60989827938465,9.253390343944705,Category B
732,2010-12-29 16:00:00,55.44360083601266,13.541458107989216,Category B
733,2009-02-28 17:00:00,54.46591083133038,11.732045710505954,Category C
734,2011-02-08 09:00:00,54.61028538834704,13.637802776743676,Category A
735,2009-02-14 11:00:00,55.35876209517798,11.564682000578483,Category C
736,2010-04-29 21:00:00,57.84557982885402,6.839834181624852,Category C
737,2009-04-25 05:00:00,59.54436697146124,6.3955423738355375,Category C
738,2010-07-29 12:00:00,52.38177428711229,8.502422058668357,Category A
739,2011-12-27 17:00:00,53.92376111627992,5.329625775152045,Category A
740,2010-07-06 15:00:00,58.48072182095568,9.098806525743841,Category B
741,2010-01-11 21:00:00,53.26033677180976,12.077258795456125,Category C
742,2011-03-07 10:00:00,58.09209099164212,9.594273932560165,Category B
743,2011-04-27 17:00:00,58.18830438598557,6.595208989749289,Category B
744,2010-04-19 19:00:00,50.34103830299421,7.2846027019773585,Category C
745,2009-03-26 23:00:00,57.31396224674963,7.681837825384398,Category A
746,2010-09-13 20:00:00,56.29886817301333,9.900614115805997,Category C
747,2010-08-12 08:00:00,56.0236177427385,14.344334739483328,Category C
748,2011-07-17 02:00:00,55.49117150548281,10.275831105967699,Category B
749,2011-12-28 01:00:00,53.58173264561566,7.492284890722516,Category C
750,2010-09-07 18:00:00,52.041379407845064,14.671276634107203,Category C
751,2011-03-20 16:00:00,54.3949828546435,13.471117676590486,Category A
752,2009-06-17 14:00:00,56.0974929807342,8.67739519166031,Category A
753,2010-06-11 07:00:00,58.48350692426968,6.541745016557144,Category A
754,2010-11-03 20:00:00,54.09070902571117,14.019444215364091,Category A
755,2009-04-19 14:00:00,50.26459157638296,8.119602269724759,Category B
756,2009-11-28 06:00:00,52.043772446053566,7.264095983241184,Category B
757,2010-05-02 22:00:00,52.92278079515779,6.000870413731826,Category C
758,2011-06-14 17:00:00,55.54703307719171,5.914239378377894,Category A
759,2010-04-03 22:00:00,54.299541625536726,14.055119740025582,Category A
760,2011-05-31 05:00:00,50.167677403661024,9.510795380490597,Category B
761,2010-09-13 22:00:00,57.176276868151504,11.635008550923931,Category C
762,2010-05-20 09:00:00,50.002812984484635,8.760509402798277,Category A
763,2011-01-30 05:00:00,55.39320376744938,9.243583197624906,Category B
764,2010-05-20 06:00:00,51.1986111065692,6.328715564311439,Category B
765,2009-11-30 06:00:00,54.423503490397536,14.690539527963065,Category A
766,2009-01-19 06:00:00,51.82867522283071,14.967700177576976,Category C
767,2011-12-01 15:00:00,57.30599755003571,10.564623893340153,Category C
768,2010-02-14 11:00:00,51.24641519330209,9.497445352158653,Category C
769,2011-03-12 10:00:00,53.81824773286482,10.2370445821109,Category A
770,2011-09-04 07:00:00,52.05089061733747,13.385740394184113,Category B
771,2011-03-03 23:00:00,57.96495734595112,9.740720475244173,Category B
772,2009-01-19 04:00:00,59.992049753102904,8.516110616922331,Category A
773,2011-10-28 13:00:00,57.3172968165545,14.478266063595504,Category B
774,2009-03-27 10:00:00,56.087736710090816,10.194593020951226,Category A
775,2011-11-10 11:00:00,55.62472748491352,10.002376583998563,Category C
776,2012-01-05 23:00:00,56.643980192975775,6.642106313619047,Category B
777,2011-08-04 22:00:00,59.484849937811084,12.377859752971663,Category A
778,2009-12-05 06:00:00,52.81454170143621,11.644667851633567,Category A
779,2011-04-28 05:00:00,57.94061427658458,9.581339071296455,Category A
780,2009-03-16 19:00:00,53.33683923080392,7.490751639728307,Category B
781,2011-10-16 21:00:00,51.12444673578907,6.311788845055229,Category A
782,2009-06-01 06:00:00,55.64760666980132,11.396562366462694,Category C
783,2009-03-05 01:00:00,58.01701679694432,10.401033074126508,Category C
784,2010-03-23 05:00:00,55.31089017328887,14.412816325397575,Category C
785,2011-11-08 22:00:00,58.366462920440426,13.279527348323937,Category A
786,2009-04-26 02:00:00,50.411836369952084,12.207466832366906,Category C
787,2009-06-06 10:00:00,55.05252906687281,9.17734402367288,Category A
788,2011-02-25 07:00:00,54.83277743895699,8.924763033439895,Category C
789,2011-11-23 22:00:00,53.345913442699334,7.00546779718802,Category B
790,2011-04-07 00:00:00,50.17532063680672,11.48347980413932,Category B
791,2009-02-23 18:00:00,55.28350518761361,7.187072503639077,Category B
792,2010-12-20 05:00:00,53.02730026906567,11.66065443364689,Category C
793,2010-06-29 11:00:00,50.38280631860006,8.777464052949213,Category A
794,2010-07-04 19:00:00,55.368622579037435,8.73424307096812,Category C
795,2010-01-26 04:00:00,51.914239748783295,13.06065995823609,Category A
796,2009-07-11 02:00:00,58.797526688893626,7.531557847489452,Category B
797,2010-01-11 20:00:00,59.18658580821893,9.26241288559396,Category A
798,2009-12-20 03:00:00,50.1299021598927,7.588943393037977,Category B
799,2009-06-15 22:00:00,54.017646460413445,10.866249345659572,Category C
800,2009-12-13 02:00:00,59.00813191935004,14.464134559671818,Category C
801,2009-10-27 02:00:00,54.770096419174614,14.034756077706353,Category A
802,2011-02-10 22:00:00,51.047221386840164,8.759312683182685,Category C
803,2009-09-03 19:00:00,54.78842560614018,6.276448962401387,Category A
804,2011-10-13 18:00:00,51.11644175153464,9.76791910416214,Category C
805,2010-05-10 15:00:00,59.97048312543325,7.846830413285001,Category C
806,2011-07-08 03:00:00,55.29479950703863,9.117606492927294,Category B
807,2010-05-24 16:00:00,54.87373221057303,13.83735980072027,Category C
808,2009-03-21 02:00:00,54.53204648181692,8.160769266519633,Category B
809,2011-06-01 03:00:00,55.451046734551724,5.5485385816970565,Category B
810,2011-06-10 00:00:00,56.296795104621964,7.105206015285902,Category C
811,2010-04-05 09:00:00,55.80855449896062,9.120307648446872,Category C
812,2011-05-22 06:00:00,56.90671804994277,7.051601533798769,Category A
813,2009-08-14 03:00:00,51.88242636095838,8.207936172089127,Category C
814,2009-10-17 16:00:00,59.527302208619375,6.651530134645053,Category B
815,2011-08-05 10:00:00,57.87871922598077,7.201872116535482,Category C
816,2009-02-24 12:00:00,58.75234662704001,5.360168562318837,Category C
817,2010-09-09 08:00:00,50.472958846315564,7.39138830510223,Category B
818,2009-08-28 17:00:00,58.87633638267005,14.003597927711436,Category B
819,2009-09-03 22:00:00,53.04807414192497,5.989529940743839,Category B
820,2009-09-11 19:00:00,54.19420339608596,12.41049598269868,Category C
821,2010-09-03 21:00:00,55.84216579540666,9.468570664376983,Category A
822,2009-08-07 16:00:00,51.64278045951288,6.73681872849197,Category A
823,2009-01-20 23:00:00,56.64085385501025,11.040313422513313,Category C
824,2010-04-27 23:00:00,58.432962958693324,13.294063898552887,Category C
825,2011-05-26 03:00:00,53.82287663683426,10.123039203286638,Category A
826,2010-10-13 10:00:00,50.42465133336571,6.754532134039191,Category C
827,2011-01-18 07:00:00,54.66298135563888,13.502100032751411,Category B
828,2009-05-11 10:00:00,53.476500126936166,10.915258499342318,Category A
829,2009-07-23 05:00:00,58.51914597588779,8.491969813031256,Category A
830,2010-04-10 21:00:00,53.48929031118062,11.935766463090212,Category A
831,2009-11-02 18:00:00,57.78909512070893,10.285717290665444,Category B
832,2010-06-02 10:00:00,52.971897745972356,5.769925958055549,Category C
833,2010-10-05 01:00:00,59.86623982558382,13.095022038738373,Category C
834,2009-03-14 05:00:00,50.52588256192225,13.550994870597636,Category C
835,2009-10-11 02:00:00,53.23295869867036,11.730245581611808,Category A
836,2010-11-27 09:00:00,54.00903697301312,13.878882761658502,Category A
837,2010-02-26 14:00:00,59.29931705876597,7.917452964417054,Category A
838,2011-07-02 12:00:00,59.875493782819404,11.208390221407813,Category C
839,2011-02-03 09:00:00,52.870183701238275,11.85669944434574,Category A
840,2011-01-09 00:00:00,54.5312143248251,8.501424355262126,Category A
841,2010-02-26 18:00:00,50.02759128855,12.565775323921553,Category C
842,2010-10-27 04:00:00,55.20482841727652,14.330266068598585,Category B
843,2009-10-22 07:00:00,59.75732319335379,13.910072181116943,Category C
844,2011-03-09 14:00:00,52.236295671009174,12.275545881112937,Category A
845,2010-12-24 02:00:00,57.998493084359495,12.840746645241476,Category C
846,2009-04-20 20:00:00,57.25643018710851,13.679162799417078,Category A
847,2011-06-24 03:00:00,52.42351616676732,13.646425435105517,Category C
848,2009-05-08 06:00:00,53.74022059206759,11.594854265890373,Category A
849,2011-09-14 17:00:00,54.05906603998669,9.7875776460345,Category B
850,2010-03-20 13:00:00,58.75328786045989,14.699628973231524,Category B
851,2010-01-12 13:00:00,56.7961821430594,5.983819683341851,Category B
852,2009-01-17 04:00:00,54.51004758030413,12.3441106850523,Category A
853,2010-05-27 05:00:00,58.132672205441985,10.231914434713616,Category B
854,2011-07-04 01:00:00,51.422160744187394,12.555252051941393,Category B
855,2011-09-07 16:00:00,56.80055101168204,12.85310009018815,Category A
856,2009-07-02 07:00:00,51.91854262164054,8.332578985079149,Category C
857,2011-10-11 05:00:00,50.69683740039755,13.484534607720132,Category C
858,2011-03-12 12:00:00,51.04422170288467,12.029087068511572,Category A
859,2009-09-22 15:00:00,53.81484083351374,7.955413087036773,Category B
860,2009-02-24 12:00:00,52.106950583164675,10.697320496940259,Category B
861,2010-11-24 11:00:00,59.00001919951518,10.257607094054997,Category A
862,2011-10-03 06:00:00,55.95392928406009,9.877903676205518,Category C
863,2009-08-30 10:00:00,52.453127691278205,9.0132763026776,Category C
864,2011-10-20 23:00:00,56.01496021841548,13.72302715591371,Category B
865,2009-06-25 13:00:00,56.82900220854558,8.474061470958713,Category B
866,2010-10-24 05:00:00,58.247601632401896,11.852592367766208,Category B
867,2010-07-16 21:00:00,55.432470918945214,12.547849850407601,Category A
868,2009-03-11 04:00:00,53.268537319290026,5.314580250093871,Category B
869,2010-12-01 01:00:00,50.14385387462286,14.816912749919112,Category A
870,2011-07-20 06:00:00,56.480377011258966,9.647106527320771,Category B
871,2009-08-18 03:00:00,54.49474571405078,14.156472506325581,Category C
872,2009-07-17 01:00:00,50.000792452849254,5.621144874067429,Category A
873,2011-07-05 15:00:00,52.530163721796356,7.876048274483441,Category B
874,2010-03-18 15:00:00,50.805676668491245,12.053956760941787,Category C
875,2009-11-02 14:00:00,56.61934011481724,6.878868906075052,Category B
876,2009-03-01 09:00:00,57.265379185909765,6.174401602227074,Category A
877,2010-09-24 18:00:00,53.15756039066675,7.047567851159543,Category B
878,2010-04-20 09:00:00,57.11203470024145,6.96581954344434,Category B
879,2009-02-12 01:00:00,55.942657118644306,13.364472037824914,Category B
880,2011-05-04 20:00:00,50.31513375043201,9.254567173090797,Category C
881,2009-01-12 04:00:00,51.54639910030462,9.328062063710723,Category C
882,2010-08-23 08:00:00,55.919454381165764,11.800598076011589,Category A
883,2010-07-08 12:00:00,53.54317045801105,14.65340757556846,Category A
884,2010-12-24 05:00:00,52.129801143303304,10.730596963037101,Category A
885,2011-12-07 12:00:00,55.216888718988486,12.156890052267824,Category A
886,2011-12-07 07:00:00,58.27183406999407,10.00189451267652,Category A
887,2010-11-04 18:00:00,59.15677249191765,8.929745725473335,Category B
888,2010-10-04 00:00:00,53.20985957073873,8.45900914201074,Category C
889,2011-06-01 14:00:00,52.95007099652476,13.820765309210534,Category A
890,2011-06-17 20:00:00,56.166727548020035,14.729895398280021,Category C
891,2011-06-11 07:00:00,52.77976813630806,5.561270329407375,Category A
892,2009-10-04 12:00:00,54.85292292338607,6.239525586690606,Category A
893,2011-11-08 08:00:00,54.33542926353503,12.648673516441162,Category B
894,2011-04-04 16:00:00,59.72544087182105,7.258538552833461,Category C
895,2010-06-03 06:00:00,59.407820597248,13.410445248395211,Category B
896,2011-02-11 11:00:00,55.88394268065385,14.846750464460591,Category B
897,2011-07-01 02:00:00,54.81948412855617,10.401490219028734,Category B
898,2009-07-14 12:00:00,58.18179195581793,9.224447821032092,Category A
899,2010-12-02 11:00:00,58.31695966375672,14.60405702253745,Category C
900,2009-09-15 05:00:00,55.25427559009598,5.439445115044116,Category A
901,2011-11-14 21:00:00,59.64761951487102,11.124886801612195,Category B
902,2009-03-27 04:00:00,57.43092217752476,13.350604414444458,Category B
903,2011-04-06 07:00:00,53.30363146970781,14.319091487345794,Category B
904,2009-09-24 03:00:00,59.14391599892687,10.20686167607748,Category C
905,2011-04-02 00:00:00,54.27660131273348,5.287397854209795,Category B
906,2009-05-12 06:00:00,58.32756441192602,6.831168647716219,Category B
907,2011-07-20 21:00:00,53.38038370503974,13.774647134436547,Category A
908,2011-03-27 04:00:00,57.57448859682805,8.403401406205038,Category C
909,2010-03-28 16:00:00,54.38192351017698,14.535886023410905,Category B
910,2009-08-23 22:00:00,54.03071977392215,13.75913627206807,Category B
911,2010-08-26 00:00:00,57.09889828389139,14.157015423036073,Category A
912,2011-09-24 09:00:00,56.96435660158494,12.939670418882347,Category C
913,2009-03-23 02:00:00,53.04119848078381,6.833098611963945,Category B
914,2009-11-10 22:00:00,51.26607939665821,12.78247387447449,Category C
915,2010-08-20 16:00:00,50.17580422657324,7.716366430918541,Category B
916,2011-10-17 18:00:00,50.52210186782038,14.155342479499986,Category A
917,2009-12-15 09:00:00,56.84544003241614,7.957916576830683,Category A
918,2011-08-07 05:00:00,57.239957206211045,14.681568427042041,Category A
919,2011-04-02 09:00:00,52.616414129869035,13.365347708101947,Category A
920,2009-05-28 18:00:00,55.72529289431859,11.917386229263347,Category A
921,2011-05-06 09:00:00,58.510448888339106,5.281109977653976,Category C
922,2011-12-02 21:00:00,53.799600731361615,5.985587518535839,Category A
923,2010-08-22 06:00:00,58.140802528067724,13.987268941713761,Category C
924,2010-10-12 02:00:00,55.6658446789094,13.771984296796028,Category B
925,2010-08-05 09:00:00,57.92456594320534,13.806360537254514,Category C
926,2011-12-31 17:00:00,54.46615562452777,5.976962822866283,Category B
927,2009-07-26 19:00:00,54.5426018151175,5.211274061634209,Category B
928,2009-02-11 18:00:00,56.76920149568094,10.105703118405675,Category C
929,2009-08-20 19:00:00,54.24732365505099,5.5900410113258445,Category A
930,2010-01-09 00:00:00,58.5671000221723,13.972468123659107,Category C
931,2011-08-14 02:00:00,59.171138135779024,5.599579564398879,Category B
932,2010-11-25 17:00:00,55.07751851830373,14.959393610410368,Category B
933,2010-07-26 16:00:00,50.605770463659056,6.098196929018118,Category B
934,2011-08-19 19:00:00,52.88694448985329,14.037045308435244,Category A
935,2011-04-12 12:00:00,52.56989666296836,14.906258081430467,Category B
936,2009-09-23 17:00:00,59.101109641899576,8.511721611928715,Category C
937,2011-03-14 08:00:00,51.63759562264187,10.713558692523266,Category C
938,2009-07-30 17:00:00,52.74758736265336,13.568740715868309,Category C
939,2011-05-31 15:00:00,50.49416505583068,12.250074278791725,Category C
940,2010-12-25 19:00:00,55.65846231952331,6.827863547073615,Category C
941,2010-10-31 02:00:00,55.7520679548836,8.764380762912007,Category C
942,2009-09-17 09:00:00,56.59747061686411,14.070757489662132,Category A
943,2011-07-27 19:00:00,52.04479811805402,11.698083341598847,Category B
944,2011-07-02 10:00:00,58.95636756713327,9.080516767944882,Category B
945,2010-05-28 05:00:00,50.73542928183087,10.543001689326317,Category C
946,2011-11-11 05:00:00,53.763890497588974,9.211026433577238,Category C
947,2011-01-22 03:00:00,56.73996175450447,9.743597531668048,Category B
948,2009-12-03 18:00:00,54.837289318936904,8.12420234363173,Category A
949,2011-08-19 06:00:00,56.49565561231842,12.694522626963012,Category C
950,2009-04-09 05:00:00,58.48527376420871,14.825174040430598,Category B
951,2009-12-11 10:00:00,53.15618682033567,7.74638169370205,Category B
952,2011-09-13 18:00:00,51.39257978153639,14.11286373741183,Category C
953,2011-03-04 17:00:00,55.712927853390696,10.946738142736749,Category A
954,2009-10-03 08:00:00,55.29107226939882,10.97920380661428,Category A
955,2010-11-10 08:00:00,59.05580375366171,12.482888151933327,Category B
956,2010-04-20 06:00:00,53.02150622077054,12.058031506162589,Category B
957,2009-05-25 07:00:00,54.00911827536676,10.763884141903343,Category A
958,2009-01-21 13:00:00,59.185766628606224,10.241557594999655,Category C
959,2010-08-04 19:00:00,50.6596844778466,6.119268113309495,Category A
960,2010-12-28 15:00:00,59.97688699395684,10.122391899903223,Category C
961,2009-05-01 17:00:00,59.283631702205156,5.1731826305595145,Category B
962,2011-01-07 16:00:00,59.45677708220237,13.838259395844913,Category C
963,2009-12-21 01:00:00,53.87571994046472,9.801276174169207,Category C
964,2011-01-29 11:00:00,57.852442157645406,6.3429412625651915,Category C
965,2009-04-29 02:00:00,51.90356939238346,8.459553008897952,Category C
966,2010-12-14 12:00:00,59.05500204281077,5.848232044144082,Category C
967,2010-05-31 16:00:00,52.43839879413569,7.959711562073889,Category A
968,2009-10-11 07:00:00,54.775265788110296,11.885696027192928,Category B
969,2011-08-24 06:00:00,57.35481312873846,6.584286289988055,Category B
970,2009-08-09 23:00:00,58.05085907576675,11.496954915156156,Category C
971,2011-04-24 20:00:00,53.54541041955857,14.801257093970277,Category B
972,2011-01-21 06:00:00,57.300519461309584,7.0618169563602144,Category B
973,2010-09-04 20:00:00,59.905154757164,9.246346476796461,Category A
974,2009-08-09 22:00:00,59.89580962347581,14.269437145600762,Category B
975,2011-09-21 09:00:00,53.68258856407805,10.795594347684496,Category A
976,2011-10-11 12:00:00,55.44952781248895,13.47614898306188,Category A
977,2010-12-28 03:00:00,56.45524695967771,12.899024124487728,Category B
978,2011-10-10 04:00:00,51.69690374819894,12.229130824848834,Category A
979,2010-07-02 05:00:00,57.98338335957316,12.193764610545745,Category C
980,2009-09-13 22:00:00,53.065361089659724,14.665950441454463,Category A
981,2009-12-17 11:00:00,55.276008291646775,7.846607717950707,Category B
982,2010-03-12 13:00:00,52.28487752011075,7.504562474352747,Category C
983,2010-06-17 19:00:00,53.01233130705505,10.149188879254055,Category B
984,2009-04-16 04:00:00,55.51788607912519,9.258383206036807,Category A
985,2009-11-19 15:00:00,52.50540934495851,6.5812942749558925,Category A
986,2011-12-30 16:00:00,53.32837822554227,8.757509326179544,Category B
987,2010-07-03 09:00:00,59.47963394108499,6.678416407774678,Category A
988,2011-01-22 15:00:00,55.06394800431999,8.277534706015395,Category A
989,2009-08-05 15:00:00,52.268359764015685,13.66333065232287,Category C
990,2009-08-24 23:00:00,54.661831319105495,7.099514165808624,Category A
991,2009-10-30 02:00:00,54.92476168369596,10.665539722687512,Category C
992,2009-03-03 15:00:00,50.30713468551879,12.670795552825956,Category B
993,2010-04-12 17:00:00,57.26898483564766,14.42936215148117,Category C
994,2011-09-04 11:00:00,53.16169400352033,7.879174166810118,Category B
995,2010-02-15 23:00:00,54.47605980691666,10.310076527997555,Category C
996,2010-10-10 06:00:00,59.36450355636087,11.143187247257224,Category B
997,2010-07-28 04:00:00,59.21189448845239,8.685892585223606,Category C
998,2009-06-21 15:00:00,59.22141699566534,13.806941064561345,Category A
999,2010-03-29 04:00:00,51.27978272735369,9.887053295140866,Category B
